,Domain,Type,Sponsoring Organization,date
0,.aaa,generic,AmericanAutomobileAssociationInc,2025-01-28
1,.aarp,generic,AARP,2025-01-28
2,.abarth,generic,Notassigned,2025-01-28
3,.abb,generic,ABBLtd,2025-01-28
4,.abbott,generic,AbbottLaboratoriesInc,2025-01-28
5,.abbvie,generic,AbbVieInc,2025-01-28
6,.abc,generic,DisneyEnterprisesInc,2025-01-28
7,.able,generic,AbleInc,2025-01-28
8,.abogado,generic,RegistryServicesLLC,2025-01-28
9,.abudhabi,generic,AbuDhabiSystemsandInformationCentre,2025-01-28
11,.academy,generic,BinkyMoonLLC,2025-01-28
12,.accenture,generic,Accentureplc,2025-01-28
13,.accountant,generic,dotAccountantLimited,2025-01-28
14,.accountants,generic,BinkyMoonLLC,2025-01-28
15,.aco,generic,ACOSeverinAhlmannGmbHCoKG,2025-01-28
16,.active,generic,Notassigned,2025-01-28
17,.actor,generic,DogBeachLLC,2025-01-28
19,.adac,generic,Notassigned,2025-01-28
20,.ads,generic,CharlestonRoadRegistryInc,2025-01-28
21,.adult,generic,ICMRegistryADLLC,2025-01-28
23,.aeg,generic,AktiebolagetElectrolux,2025-01-28
25,.aetna,generic,AetnaLifeInsuranceCompany,2025-01-28
27,.afamilycompany,generic,Notassigned,2025-01-28
28,.afl,generic,AustralianFootballLeague,2025-01-28
29,.africa,generic,ZACentralRegistryNPCtradingasRegistryAfrica,2025-01-28
31,.agakhan,generic,FondationAgaKhanAgaKhanFoundation,2025-01-28
32,.agency,generic,BinkyMoonLLC,2025-01-28
34,.aig,generic,AmericanInternationalGroupInc,2025-01-28
35,.aigo,generic,Notassigned,2025-01-28
36,.airbus,generic,AirbusSAS,2025-01-28
37,.airforce,generic,DogBeachLLC,2025-01-28
38,.airtel,generic,BhartiAirtelLimited,2025-01-28
39,.akdn,generic,FondationAgaKhanAgaKhanFoundation,2025-01-28
41,.alfaromeo,generic,Notassigned,2025-01-28
42,.alibaba,generic,AlibabaGroupHoldingLimited,2025-01-28
43,.alipay,generic,AlibabaGroupHoldingLimited,2025-01-28
44,.allfinanz,generic,AllfinanzDeutscheVermögensberatungAktiengesellschaft,2025-01-28
45,.allstate,generic,AllstateFireandCasualtyInsuranceCompany,2025-01-28
46,.ally,generic,AllyFinancialInc,2025-01-28
47,.alsace,generic,REGIONGRANDEST,2025-01-28
48,.alstom,generic,ALSTOM,2025-01-28
50,.amazon,generic,AmazonRegistryServicesInc,2025-01-28
51,.americanexpress,generic,AmericanExpressTravelRelatedServicesCompanyInc,2025-01-28
52,.americanfamily,generic,AmFamInc,2025-01-28
53,.amex,generic,AmericanExpressTravelRelatedServicesCompanyInc,2025-01-28
54,.amfam,generic,AmFamInc,2025-01-28
55,.amica,generic,AmicaMutualInsuranceCompany,2025-01-28
56,.amsterdam,generic,GemeenteAmsterdam,2025-01-28
58,.analytics,generic,CampusIPLLC,2025-01-28
59,.android,generic,CharlestonRoadRegistryInc,2025-01-28
60,.anquan,generic,QIHOO360TECHNOLOGYCOLTD,2025-01-28
61,.anz,generic,AustraliaandNewZealandBankingGroupLimited,2025-01-28
63,.aol,generic,YahooInc,2025-01-28
64,.apartments,generic,BinkyMoonLLC,2025-01-28
65,.app,generic,CharlestonRoadRegistryInc,2025-01-28
66,.apple,generic,AppleInc,2025-01-28
68,.aquarelle,generic,Aquarellecom,2025-01-28
70,.arab,generic,LeagueofArabStates,2025-01-28
71,.aramco,generic,AramcoServicesCompany,2025-01-28
72,.archi,generic,IdentityDigitalLimited,2025-01-28
73,.army,generic,DogBeachLLC,2025-01-28
75,.art,generic,UKCreativeIdeasLimited,2025-01-28
76,.arte,generic,AssociationRelativeàlaTélévisionEuropéenneGEIE,2025-01-28
78,.asda,generic,AsdaStoresLimited,2025-01-28
80,.associates,generic,BinkyMoonLLC,2025-01-28
82,.athleta,generic,TheGapInc,2025-01-28
83,.attorney,generic,DogBeachLLC,2025-01-28
85,.auction,generic,DogBeachLLC,2025-01-28
86,.audi,generic,AUDIAktiengesellschaft,2025-01-28
87,.audible,generic,AmazonRegistryServicesInc,2025-01-28
88,.audio,generic,XYZCOMLLC,2025-01-28
89,.auspost,generic,AustralianPostalCorporation,2025-01-28
90,.author,generic,AmazonRegistryServicesInc,2025-01-28
91,.auto,generic,XYZCOMLLC,2025-01-28
92,.autos,generic,XYZCOMLLC,2025-01-28
93,.avianca,generic,Notassigned,2025-01-28
95,.aws,generic,AWSRegistryLLC,2025-01-28
97,.axa,generic,AXAGroupOperationsSAS,2025-01-28
99,.azure,generic,MicrosoftCorporation,2025-01-28
101,.baby,generic,XYZCOMLLC,2025-01-28
102,.baidu,generic,BaiduInc,2025-01-28
103,.banamex,generic,CitigroupInc,2025-01-28
104,.bananarepublic,generic,Notassigned,2025-01-28
105,.band,generic,DogBeachLLC,2025-01-28
106,.bank,generic,fTLDRegistryServicesLLC,2025-01-28
107,.bar,generic,Punto2012SociedadAnonimaPromotoradeInversiondeCapitalVariable,2025-01-28
108,.barcelona,generic,MunicipideBarcelona,2025-01-28
109,.barclaycard,generic,BarclaysBankPLC,2025-01-28
110,.barclays,generic,BarclaysBankPLC,2025-01-28
111,.barefoot,generic,GalloVineyardsInc,2025-01-28
112,.bargains,generic,BinkyMoonLLC,2025-01-28
113,.baseball,generic,MLBAdvancedMediaDHLLC,2025-01-28
114,.basketball,generic,FédérationInternationaledeBasketballFIBA,2025-01-28
115,.bauhaus,generic,WerkhausGmbH,2025-01-28
116,.bayern,generic,BayernConnectGmbH,2025-01-28
118,.bbc,generic,BritishBroadcastingCorporation,2025-01-28
119,.bbt,generic,BBTCorporation,2025-01-28
120,.bbva,generic,BANCOBILBAOVIZCAYAARGENTARIASA,2025-01-28
121,.bcg,generic,TheBostonConsultingGroupInc,2025-01-28
122,.bcn,generic,MunicipideBarcelona,2025-01-28
125,.beats,generic,BeatsElectronicsLLC,2025-01-28
126,.beauty,generic,XYZCOMLLC,2025-01-28
127,.beer,generic,RegistryServicesLLC,2025-01-28
128,.bentley,generic,BentleyMotorsLimited,2025-01-28
129,.berlin,generic,dotBERLINGmbHCoKG,2025-01-28
130,.best,generic,BestTLDPtyLtd,2025-01-28
131,.bestbuy,generic,BBYSolutionsInc,2025-01-28
132,.bet,generic,IdentityDigitalLimited,2025-01-28
136,.bharti,generic,BhartiEnterprisesHoldingPrivateLimited,2025-01-28
138,.bible,generic,AmericanBibleSociety,2025-01-28
139,.bid,generic,dotBidLimited,2025-01-28
140,.bike,generic,BinkyMoonLLC,2025-01-28
141,.bing,generic,MicrosoftCorporation,2025-01-28
142,.bingo,generic,BinkyMoonLLC,2025-01-28
143,.bio,generic,IdentityDigitalLimited,2025-01-28
147,.black,generic,IdentityDigitalLimited,2025-01-28
148,.blackfriday,generic,RegistryServicesLLC,2025-01-28
149,.blanco,generic,Notassigned,2025-01-28
150,.blockbuster,generic,DishDBSCorporation,2025-01-28
151,.blog,generic,KnockKnockWHOISThereLLC,2025-01-28
152,.bloomberg,generic,BloombergIPHoldingsLLC,2025-01-28
153,.blue,generic,IdentityDigitalLimited,2025-01-28
155,.bms,generic,BristolMyersSquibbCompany,2025-01-28
156,.bmw,generic,BayerischeMotorenWerkeAktiengesellschaft,2025-01-28
158,.bnl,generic,Notassigned,2025-01-28
159,.bnpparibas,generic,BNPParibas,2025-01-28
161,.boats,generic,XYZCOMLLC,2025-01-28
162,.boehringer,generic,BoehringerIngelheimInternationalGmbH,2025-01-28
163,.bofa,generic,BankofAmericaCorporation,2025-01-28
164,.bom,generic,NúcleodeInformaçãoeCoordenaçãodoPontoBRNICbr,2025-01-28
165,.bond,generic,ShortdotSA,2025-01-28
166,.boo,generic,CharlestonRoadRegistryInc,2025-01-28
167,.book,generic,AmazonRegistryServicesInc,2025-01-28
168,.booking,generic,BookingcomBV,2025-01-28
169,.boots,generic,Notassigned,2025-01-28
170,.bosch,generic,RobertBoschGMBH,2025-01-28
171,.bostik,generic,BostikSA,2025-01-28
172,.boston,generic,RegistryServicesLLC,2025-01-28
173,.bot,generic,AmazonRegistryServicesInc,2025-01-28
174,.boutique,generic,BinkyMoonLLC,2025-01-28
175,.box,generic,IntercapRegistryInc,2025-01-28
178,.bradesco,generic,BancoBradescoSA,2025-01-28
179,.bridgestone,generic,BridgestoneCorporation,2025-01-28
180,.broadway,generic,CelebrateBroadwayInc,2025-01-28
181,.broker,generic,DogBeachLLC,2025-01-28
182,.brother,generic,BrotherIndustriesLtd,2025-01-28
183,.brussels,generic,DNSbevzw,2025-01-28
186,.budapest,generic,Notassigned,2025-01-28
187,.bugatti,generic,Notassigned,2025-01-28
188,.build,generic,PlanBeeLLC,2025-01-28
189,.builders,generic,BinkyMoonLLC,2025-01-28
190,.business,generic,BinkyMoonLLC,2025-01-28
191,.buy,generic,AmazonRegistryServicesINC,2025-01-28
192,.buzz,generic,DOTSTRATEGYCO,2025-01-28
197,.bzh,generic,Associationwwwbzh,2025-01-28
199,.cab,generic,BinkyMoonLLC,2025-01-28
200,.cafe,generic,BinkyMoonLLC,2025-01-28
201,.cal,generic,CharlestonRoadRegistryInc,2025-01-28
202,.call,generic,AmazonRegistryServicesInc,2025-01-28
203,.calvinklein,generic,PVHgTLDHoldingsLLC,2025-01-28
204,.cam,generic,CAMConnectingSARL,2025-01-28
205,.camera,generic,BinkyMoonLLC,2025-01-28
206,.camp,generic,BinkyMoonLLC,2025-01-28
207,.cancerresearch,generic,Notassigned,2025-01-28
208,.canon,generic,CanonInc,2025-01-28
209,.capetown,generic,ZACentralRegistryNPCtradingasZACentralRegistry,2025-01-28
210,.capital,generic,BinkyMoonLLC,2025-01-28
211,.capitalone,generic,CapitalOneFinancialCorporation,2025-01-28
212,.car,generic,XYZCOMLLC,2025-01-28
213,.caravan,generic,CaravanInternationalInc,2025-01-28
214,.cards,generic,BinkyMoonLLC,2025-01-28
215,.care,generic,BinkyMoonLLC,2025-01-28
216,.career,generic,dotCareerLLC,2025-01-28
217,.careers,generic,BinkyMoonLLC,2025-01-28
218,.cars,generic,XYZCOMLLC,2025-01-28
219,.cartier,generic,Notassigned,2025-01-28
220,.casa,generic,RegistryServicesLLC,2025-01-28
221,.case,generic,DigityLLC,2025-01-28
222,.caseih,generic,Notassigned,2025-01-28
223,.cash,generic,BinkyMoonLLC,2025-01-28
224,.casino,generic,BinkyMoonLLC,2025-01-28
226,.catering,generic,BinkyMoonLLC,2025-01-28
227,.catholic,generic,PontificiumConsiliumdeComunicationibusSocialibusPCCSPontificalCouncilforSocialCommunication,2025-01-28
228,.cba,generic,COMMONWEALTHBANKOFAUSTRALIA,2025-01-28
229,.cbn,generic,TheChristianBroadcastingNetworkInc,2025-01-28
230,.cbre,generic,CBREInc,2025-01-28
231,.cbs,generic,Notassigned,2025-01-28
234,.ceb,generic,Notassigned,2025-01-28
235,.center,generic,BinkyMoonLLC,2025-01-28
236,.ceo,generic,XYZCOMLLC,2025-01-28
237,.cern,generic,EuropeanOrganizationforNuclearResearchCERN,2025-01-28
239,.cfa,generic,CFAInstitute,2025-01-28
240,.cfd,generic,ShortdotSA,2025-01-28
243,.chanel,generic,ChanelInternationalBV,2025-01-28
244,.channel,generic,CharlestonRoadRegistryInc,2025-01-28
245,.charity,generic,PublicInterestRegistryPIR,2025-01-28
246,.chase,generic,JPMorganChaseBankNationalAssociation,2025-01-28
247,.chat,generic,BinkyMoonLLC,2025-01-28
248,.cheap,generic,BinkyMoonLLC,2025-01-28
249,.chintai,generic,CHINTAICorporation,2025-01-28
250,.chloe,generic,Notassigned,2025-01-28
251,.christmas,generic,XYZCOMLLC,2025-01-28
252,.chrome,generic,CharlestonRoadRegistryInc,2025-01-28
253,.chrysler,generic,Notassigned,2025-01-28
254,.church,generic,BinkyMoonLLC,2025-01-28
256,.cipriani,generic,HotelCiprianiSrl,2025-01-28
257,.circle,generic,AmazonRegistryServicesInc,2025-01-28
258,.cisco,generic,CiscoTechnologyInc,2025-01-28
259,.citadel,generic,CitadelDomainLLC,2025-01-28
260,.citi,generic,CitigroupInc,2025-01-28
261,.citic,generic,CITICGroupCorporation,2025-01-28
262,.city,generic,BinkyMoonLLC,2025-01-28
263,.cityeats,generic,Notassigned,2025-01-28
266,.claims,generic,BinkyMoonLLC,2025-01-28
267,.cleaning,generic,BinkyMoonLLC,2025-01-28
268,.click,generic,InternetNamingCo,2025-01-28
269,.clinic,generic,BinkyMoonLLC,2025-01-28
270,.clinique,generic,TheEstéeLauderCompaniesInc,2025-01-28
271,.clothing,generic,BinkyMoonLLC,2025-01-28
272,.cloud,generic,ARUBAPECSpA,2025-01-28
273,.club,generic,RegistryServicesLLC,2025-01-28
274,.clubmed,generic,ClubMéditerranéeSA,2025-01-28
278,.coach,generic,BinkyMoonLLC,2025-01-28
279,.codes,generic,BinkyMoonLLC,2025-01-28
280,.coffee,generic,BinkyMoonLLC,2025-01-28
281,.college,generic,XYZCOMLLC,2025-01-28
282,.cologne,generic,dotKoelnGmbH,2025-01-28
283,.com,generic,VeriSignGlobalRegistryServices,2025-01-28
284,.comcast,generic,Notassigned,2025-01-28
285,.commbank,generic,COMMONWEALTHBANKOFAUSTRALIA,2025-01-28
286,.community,generic,BinkyMoonLLC,2025-01-28
287,.company,generic,BinkyMoonLLC,2025-01-28
288,.compare,generic,RegistryServicesLLC,2025-01-28
289,.computer,generic,BinkyMoonLLC,2025-01-28
290,.comsec,generic,VeriSignInc,2025-01-28
291,.condos,generic,BinkyMoonLLC,2025-01-28
292,.construction,generic,BinkyMoonLLC,2025-01-28
293,.consulting,generic,DogBeachLLC,2025-01-28
294,.contact,generic,DogBeachLLC,2025-01-28
295,.contractors,generic,BinkyMoonLLC,2025-01-28
296,.cooking,generic,RegistryServicesLLC,2025-01-28
297,.cookingchannel,generic,Notassigned,2025-01-28
298,.cool,generic,BinkyMoonLLC,2025-01-28
300,.corsica,generic,CollectivitédeCorse,2025-01-28
301,.country,generic,InternetNamingCo,2025-01-28
302,.coupon,generic,AmazonRegistryServicesInc,2025-01-28
303,.coupons,generic,BinkyMoonLLC,2025-01-28
304,.courses,generic,RegistryServicesLLC,2025-01-28
305,.cpa,generic,AmericanInstituteofCertifiedPublicAccountants,2025-01-28
307,.credit,generic,BinkyMoonLLC,2025-01-28
308,.creditcard,generic,BinkyMoonLLC,2025-01-28
309,.creditunion,generic,DotCooperationLLC,2025-01-28
310,.cricket,generic,dotCricketLimited,2025-01-28
311,.crown,generic,CrownEquipmentCorporation,2025-01-28
312,.crs,generic,FederatedCooperativesLimited,2025-01-28
313,.cruise,generic,VikingRiverCruisesBermudaLtd,2025-01-28
314,.cruises,generic,BinkyMoonLLC,2025-01-28
315,.csc,generic,Notassigned,2025-01-28
317,.cuisinella,generic,SCHMIDTGROUPESAS,2025-01-28
322,.cymru,generic,NominetUK,2025-01-28
323,.cyou,generic,ShortdotSA,2025-01-28
325,.dabur,generic,Notassigned,2025-01-28
326,.dad,generic,CharlestonRoadRegistryInc,2025-01-28
327,.dance,generic,DogBeachLLC,2025-01-28
328,.data,generic,DishDBSCorporation,2025-01-28
329,.date,generic,dotDateLimited,2025-01-28
330,.dating,generic,BinkyMoonLLC,2025-01-28
331,.datsun,generic,NISSANMOTORCOLTD,2025-01-28
332,.day,generic,CharlestonRoadRegistryInc,2025-01-28
333,.dclk,generic,CharlestonRoadRegistryInc,2025-01-28
334,.dds,generic,RegistryServicesLLC,2025-01-28
336,.deal,generic,AmazonRegistryServicesInc,2025-01-28
337,.dealer,generic,IntercapRegistryInc,2025-01-28
338,.deals,generic,BinkyMoonLLC,2025-01-28
339,.degree,generic,DogBeachLLC,2025-01-28
340,.delivery,generic,BinkyMoonLLC,2025-01-28
341,.dell,generic,DellInc,2025-01-28
342,.deloitte,generic,DeloitteToucheTohmatsu,2025-01-28
343,.delta,generic,DeltaAirLinesInc,2025-01-28
344,.democrat,generic,DogBeachLLC,2025-01-28
345,.dental,generic,BinkyMoonLLC,2025-01-28
346,.dentist,generic,DogBeachLLC,2025-01-28
347,.desi,generic,EmergencyBackEndRegistryOperatorProgramICANN,2025-01-28
348,.design,generic,RegistryServicesLLC,2025-01-28
349,.dev,generic,CharlestonRoadRegistryInc,2025-01-28
350,.dhl,generic,DeutschePostAG,2025-01-28
351,.diamonds,generic,BinkyMoonLLC,2025-01-28
352,.diet,generic,XYZCOMLLC,2025-01-28
353,.digital,generic,BinkyMoonLLC,2025-01-28
354,.direct,generic,BinkyMoonLLC,2025-01-28
355,.directory,generic,BinkyMoonLLC,2025-01-28
356,.discount,generic,BinkyMoonLLC,2025-01-28
357,.discover,generic,DiscoverFinancialServices,2025-01-28
358,.dish,generic,DishDBSCorporation,2025-01-28
359,.diy,generic,InternetNamingCo,2025-01-28
363,.dnp,generic,DaiNipponPrintingCoLtd,2025-01-28
365,.docs,generic,CharlestonRoadRegistryInc,2025-01-28
366,.doctor,generic,BinkyMoonLLC,2025-01-28
367,.dodge,generic,Notassigned,2025-01-28
368,.dog,generic,BinkyMoonLLC,2025-01-28
369,.doha,generic,Notassigned,2025-01-28
370,.domains,generic,BinkyMoonLLC,2025-01-28
371,.doosan,generic,Notassigned,2025-01-28
372,.dot,generic,DishDBSCorporation,2025-01-28
373,.download,generic,dotSupportLimited,2025-01-28
374,.drive,generic,CharlestonRoadRegistryInc,2025-01-28
375,.dtv,generic,DishDBSCorporation,2025-01-28
376,.dubai,generic,DubaiSmartGovernmentDepartment,2025-01-28
377,.duck,generic,Notassigned,2025-01-28
378,.dunlop,generic,TheGoodyearTireRubberCompany,2025-01-28
379,.duns,generic,Notassigned,2025-01-28
380,.dupont,generic,DuPontSpecialtyProductsUSALLC,2025-01-28
381,.durban,generic,ZACentralRegistryNPCtradingasZACentralRegistry,2025-01-28
382,.dvag,generic,DeutscheVermögensberatungAktiengesellschaftDVAG,2025-01-28
383,.dvr,generic,DISHTechnologiesLLC,2025-01-28
385,.earth,generic,InterlinkSystemsInnovationInstituteKK,2025-01-28
386,.eat,generic,CharlestonRoadRegistryInc,2025-01-28
388,.eco,generic,BigRoomInc,2025-01-28
389,.edeka,generic,EDEKAVerbandkaufmännischerGenossenschafteneV,2025-01-28
391,.education,generic,BinkyMoonLLC,2025-01-28
395,.email,generic,BinkyMoonLLC,2025-01-28
396,.emerck,generic,MerckKGaA,2025-01-28
397,.energy,generic,BinkyMoonLLC,2025-01-28
398,.engineer,generic,DogBeachLLC,2025-01-28
399,.engineering,generic,BinkyMoonLLC,2025-01-28
400,.enterprises,generic,BinkyMoonLLC,2025-01-28
401,.epost,generic,Notassigned,2025-01-28
402,.epson,generic,SeikoEpsonCorporation,2025-01-28
403,.equipment,generic,BinkyMoonLLC,2025-01-28
405,.ericsson,generic,TelefonaktiebolagetLMEricsson,2025-01-28
406,.erni,generic,ERNIGroupHoldingAG,2025-01-28
408,.esq,generic,CharlestonRoadRegistryInc,2025-01-28
409,.estate,generic,BinkyMoonLLC,2025-01-28
410,.esurance,generic,Notassigned,2025-01-28
412,.etisalat,generic,Notassigned,2025-01-28
414,.eurovision,generic,EuropeanBroadcastingUnionEBU,2025-01-28
415,.eus,generic,PuntueusFundazioa,2025-01-28
416,.events,generic,BinkyMoonLLC,2025-01-28
417,.everbank,generic,Notassigned,2025-01-28
418,.exchange,generic,BinkyMoonLLC,2025-01-28
419,.expert,generic,BinkyMoonLLC,2025-01-28
420,.exposed,generic,BinkyMoonLLC,2025-01-28
421,.express,generic,BinkyMoonLLC,2025-01-28
422,.extraspace,generic,ExtraSpaceStorageLLC,2025-01-28
423,.fage,generic,FageInternationalSA,2025-01-28
424,.fail,generic,BinkyMoonLLC,2025-01-28
425,.fairwinds,generic,FairWindsPartnersLLC,2025-01-28
426,.faith,generic,dotFaithLimited,2025-01-28
427,.family,generic,DogBeachLLC,2025-01-28
428,.fan,generic,DogBeachLLC,2025-01-28
429,.fans,generic,ZDNSInternationalLimited,2025-01-28
430,.farm,generic,BinkyMoonLLC,2025-01-28
431,.farmers,generic,FarmersInsuranceExchange,2025-01-28
432,.fashion,generic,RegistryServicesLLC,2025-01-28
433,.fast,generic,AmazonRegistryServicesInc,2025-01-28
434,.fedex,generic,FederalExpressCorporation,2025-01-28
435,.feedback,generic,TopLevelSpectrumInc,2025-01-28
436,.ferrari,generic,FiatChryslerAutomobilesNV,2025-01-28
437,.ferrero,generic,FerreroTradingLuxSA,2025-01-28
439,.fiat,generic,Notassigned,2025-01-28
440,.fidelity,generic,FidelityBrokerageServicesLLC,2025-01-28
441,.fido,generic,RogersCommunicationsCanadaInc,2025-01-28
442,.film,generic,MotionPictureDomainRegistryPtyLtd,2025-01-28
443,.final,generic,NúcleodeInformaçãoeCoordenaçãodoPontoBRNICbr,2025-01-28
444,.finance,generic,BinkyMoonLLC,2025-01-28
445,.financial,generic,BinkyMoonLLC,2025-01-28
446,.fire,generic,AmazonRegistryServicesInc,2025-01-28
447,.firestone,generic,BridgestoneLicensingServicesInc,2025-01-28
448,.firmdale,generic,FirmdaleHoldingsLimited,2025-01-28
449,.fish,generic,BinkyMoonLLC,2025-01-28
450,.fishing,generic,RegistryServicesLLC,2025-01-28
451,.fit,generic,RegistryServicesLLC,2025-01-28
452,.fitness,generic,BinkyMoonLLC,2025-01-28
455,.flickr,generic,FlickrInc,2025-01-28
456,.flights,generic,BinkyMoonLLC,2025-01-28
457,.flir,generic,FLIRSystemsInc,2025-01-28
458,.florist,generic,BinkyMoonLLC,2025-01-28
459,.flowers,generic,XYZCOMLLC,2025-01-28
460,.flsmidth,generic,Notassigned,2025-01-28
461,.fly,generic,CharlestonRoadRegistryInc,2025-01-28
464,.foo,generic,CharlestonRoadRegistryInc,2025-01-28
465,.food,generic,InternetNamingCo,2025-01-28
466,.foodnetwork,generic,Notassigned,2025-01-28
467,.football,generic,BinkyMoonLLC,2025-01-28
468,.ford,generic,FordMotorCompany,2025-01-28
469,.forex,generic,DogBeachLLC,2025-01-28
470,.forsale,generic,DogBeachLLC,2025-01-28
471,.forum,generic,FegistryLLC,2025-01-28
472,.foundation,generic,PublicInterestRegistryPIR,2025-01-28
473,.fox,generic,FOXRegistryLLC,2025-01-28
475,.free,generic,AmazonRegistryServicesInc,2025-01-28
476,.fresenius,generic,FreseniusImmobilienVerwaltungsGmbH,2025-01-28
477,.frl,generic,FRLregistryBV,2025-01-28
478,.frogans,generic,OP3FT,2025-01-28
479,.frontdoor,generic,Notassigned,2025-01-28
480,.frontier,generic,FrontierCommunicationsCorporation,2025-01-28
481,.ftr,generic,FrontierCommunicationsCorporation,2025-01-28
482,.fujitsu,generic,FujitsuLimited,2025-01-28
483,.fujixerox,generic,Notassigned,2025-01-28
484,.fun,generic,RadixTechnologiesInc,2025-01-28
485,.fund,generic,BinkyMoonLLC,2025-01-28
486,.furniture,generic,BinkyMoonLLC,2025-01-28
487,.futbol,generic,DogBeachLLC,2025-01-28
488,.fyi,generic,BinkyMoonLLC,2025-01-28
490,.gal,generic,AsociaciónpuntoGAL,2025-01-28
491,.gallery,generic,BinkyMoonLLC,2025-01-28
492,.gallo,generic,GalloVineyardsInc,2025-01-28
493,.gallup,generic,GallupInc,2025-01-28
494,.game,generic,XYZCOMLLC,2025-01-28
495,.games,generic,DogBeachLLC,2025-01-28
496,.gap,generic,TheGapInc,2025-01-28
497,.garden,generic,RegistryServicesLLC,2025-01-28
498,.gay,generic,RegistryServicesLLC,2025-01-28
500,.gbiz,generic,CharlestonRoadRegistryInc,2025-01-28
502,.gdn,generic,JointStockCompanyNavigationinformationsystems,2025-01-28
504,.gea,generic,GEAGroupAktiengesellschaft,2025-01-28
505,.gent,generic,Combellnv,2025-01-28
506,.genting,generic,ResortsWorldIncPteLtd,2025-01-28
507,.george,generic,WalMartStoresInc,2025-01-28
510,.ggee,generic,GMOInternetInc,2025-01-28
513,.gift,generic,UniregistryCorp,2025-01-28
514,.gifts,generic,BinkyMoonLLC,2025-01-28
515,.gives,generic,PublicInterestRegistryPIR,2025-01-28
516,.giving,generic,PublicInterestRegistryPIR,2025-01-28
518,.glade,generic,Notassigned,2025-01-28
519,.glass,generic,BinkyMoonLLC,2025-01-28
520,.gle,generic,CharlestonRoadRegistryInc,2025-01-28
521,.global,generic,IdentityDigitalLimited,2025-01-28
522,.globo,generic,GloboComunicaçãoeParticipaçõesSA,2025-01-28
524,.gmail,generic,CharlestonRoadRegistryInc,2025-01-28
525,.gmbh,generic,BinkyMoonLLC,2025-01-28
526,.gmo,generic,GMOInternetInc,2025-01-28
527,.gmx,generic,11MailMediaGmbH,2025-01-28
529,.godaddy,generic,GoDaddyEastLLC,2025-01-28
530,.gold,generic,BinkyMoonLLC,2025-01-28
531,.goldpoint,generic,YODOBASHICAMERACOLTD,2025-01-28
532,.golf,generic,BinkyMoonLLC,2025-01-28
533,.goo,generic,NTTResonantInc,2025-01-28
534,.goodhands,generic,Notassigned,2025-01-28
535,.goodyear,generic,TheGoodyearTireRubberCompany,2025-01-28
536,.goog,generic,CharlestonRoadRegistryInc,2025-01-28
537,.google,generic,CharlestonRoadRegistryInc,2025-01-28
538,.gop,generic,RepublicanStateLeadershipCommitteeInc,2025-01-28
539,.got,generic,AmazonRegistryServicesInc,2025-01-28
544,.grainger,generic,GraingerRegistryServicesLLC,2025-01-28
545,.graphics,generic,BinkyMoonLLC,2025-01-28
546,.gratis,generic,BinkyMoonLLC,2025-01-28
547,.green,generic,IdentityDigitalLimited,2025-01-28
548,.gripe,generic,BinkyMoonLLC,2025-01-28
549,.grocery,generic,WalMartStoresInc,2025-01-28
550,.group,generic,BinkyMoonLLC,2025-01-28
554,.guardian,generic,Notassigned,2025-01-28
555,.gucci,generic,GuccioGucciSpa,2025-01-28
556,.guge,generic,CharlestonRoadRegistryInc,2025-01-28
557,.guide,generic,BinkyMoonLLC,2025-01-28
558,.guitars,generic,XYZCOMLLC,2025-01-28
559,.guru,generic,BinkyMoonLLC,2025-01-28
562,.hair,generic,XYZCOMLLC,2025-01-28
563,.hamburg,generic,HamburgTopLevelDomainGmbH,2025-01-28
564,.hangout,generic,CharlestonRoadRegistryInc,2025-01-28
565,.haus,generic,DogBeachLLC,2025-01-28
566,.hbo,generic,HBORegistryServicesInc,2025-01-28
567,.hdfc,generic,HOUSINGDEVELOPMENTFINANCECORPORATIONLIMITED,2025-01-28
568,.hdfcbank,generic,HDFCBankLimited,2025-01-28
569,.health,generic,RegistryServicesLLC,2025-01-28
570,.healthcare,generic,BinkyMoonLLC,2025-01-28
571,.help,generic,InnovationServiceLtd,2025-01-28
572,.helsinki,generic,CityofHelsinki,2025-01-28
573,.here,generic,CharlestonRoadRegistryInc,2025-01-28
574,.hermes,generic,HermesInternational,2025-01-28
575,.hgtv,generic,Notassigned,2025-01-28
576,.hiphop,generic,DotHipHopLLC,2025-01-28
577,.hisamitsu,generic,HisamitsuPharmaceuticalCoInc,2025-01-28
578,.hitachi,generic,HitachiLtd,2025-01-28
579,.hiv,generic,InternetNamingCo,2025-01-28
581,.hkt,generic,PCCWHKTDataComServicesLimited,2025-01-28
584,.hockey,generic,BinkyMoonLLC,2025-01-28
585,.holdings,generic,BinkyMoonLLC,2025-01-28
586,.holiday,generic,BinkyMoonLLC,2025-01-28
587,.homedepot,generic,HomeDepotProductAuthorityLLC,2025-01-28
588,.homegoods,generic,TheTJXCompaniesInc,2025-01-28
589,.homes,generic,XYZCOMLLC,2025-01-28
590,.homesense,generic,TheTJXCompaniesInc,2025-01-28
591,.honda,generic,HondaMotorCoLtd,2025-01-28
592,.honeywell,generic,Notassigned,2025-01-28
593,.horse,generic,RegistryServicesLLC,2025-01-28
594,.hospital,generic,BinkyMoonLLC,2025-01-28
595,.host,generic,RadixTechnologiesInc,2025-01-28
596,.hosting,generic,XYZCOMLLC,2025-01-28
597,.hot,generic,AmazonRegistryServicesInc,2025-01-28
598,.hoteles,generic,Notassigned,2025-01-28
599,.hotels,generic,BookingcomBV,2025-01-28
600,.hotmail,generic,MicrosoftCorporation,2025-01-28
601,.house,generic,BinkyMoonLLC,2025-01-28
602,.how,generic,CharlestonRoadRegistryInc,2025-01-28
604,.hsbc,generic,HSBCGlobalServicesUKLimited,2025-01-28
606,.htc,generic,Notassigned,2025-01-28
608,.hughes,generic,HughesSatelliteSystemsCorporation,2025-01-28
609,.hyatt,generic,HyattGTLDLLC,2025-01-28
610,.hyundai,generic,HyundaiMotorCompany,2025-01-28
611,.ibm,generic,InternationalBusinessMachinesCorporation,2025-01-28
612,.icbc,generic,IndustrialandCommercialBankofChinaLimited,2025-01-28
613,.ice,generic,IntercontinentalExchangeInc,2025-01-28
614,.icu,generic,ShortdotSA,2025-01-28
617,.ieee,generic,IEEEGlobalLLC,2025-01-28
618,.ifm,generic,ifmelectronicgmbh,2025-01-28
619,.iinet,generic,Notassigned,2025-01-28
620,.ikano,generic,IkanoSA,2025-01-28
623,.imamat,generic,FondationAgaKhanAgaKhanFoundation,2025-01-28
624,.imdb,generic,AmazonRegistryServicesInc,2025-01-28
625,.immo,generic,BinkyMoonLLC,2025-01-28
626,.immobilien,generic,DogBeachLLC,2025-01-28
628,.inc,generic,IntercapRegistryInc,2025-01-28
629,.industries,generic,BinkyMoonLLC,2025-01-28
630,.infiniti,generic,NISSANMOTORCOLTD,2025-01-28
631,.info,generic,IdentityDigitalLimited,2025-01-28
632,.ing,generic,CharlestonRoadRegistryInc,2025-01-28
633,.ink,generic,RegistryServicesLLC,2025-01-28
634,.institute,generic,BinkyMoonLLC,2025-01-28
635,.insurance,generic,fTLDRegistryServicesLLC,2025-01-28
636,.insure,generic,BinkyMoonLLC,2025-01-28
638,.intel,generic,Notassigned,2025-01-28
639,.international,generic,BinkyMoonLLC,2025-01-28
640,.intuit,generic,IntuitAdministrativeServicesInc,2025-01-28
641,.investments,generic,BinkyMoonLLC,2025-01-28
643,.ipiranga,generic,IpirangaProdutosdePetroleoSA,2025-01-28
646,.irish,generic,BinkyMoonLLC,2025-01-28
648,.iselect,generic,Notassigned,2025-01-28
649,.ismaili,generic,FondationAgaKhanAgaKhanFoundation,2025-01-28
650,.ist,generic,IstanbulMetropolitanMunicipality,2025-01-28
651,.istanbul,generic,IstanbulMetropolitanMunicipality,2025-01-28
653,.itau,generic,ItauUnibancoHoldingSA,2025-01-28
654,.itv,generic,ITVServicesLimited,2025-01-28
655,.iveco,generic,Notassigned,2025-01-28
656,.iwc,generic,Notassigned,2025-01-28
657,.jaguar,generic,JaguarLandRoverLtd,2025-01-28
658,.java,generic,OracleCorporation,2025-01-28
659,.jcb,generic,JCBCoLtd,2025-01-28
660,.jcp,generic,Notassigned,2025-01-28
662,.jeep,generic,FCAUSLLC,2025-01-28
663,.jetzt,generic,BinkyMoonLLC,2025-01-28
664,.jewelry,generic,BinkyMoonLLC,2025-01-28
665,.jio,generic,RelianceIndustriesLimited,2025-01-28
666,.jlc,generic,Notassigned,2025-01-28
667,.jll,generic,JonesLangLaSalleIncorporated,2025-01-28
669,.jmp,generic,MatrixIPLLC,2025-01-28
670,.jnj,generic,JohnsonJohnsonServicesInc,2025-01-28
673,.joburg,generic,ZACentralRegistryNPCtradingasZACentralRegistry,2025-01-28
674,.jot,generic,AmazonRegistryServicesInc,2025-01-28
675,.joy,generic,AmazonRegistryServicesInc,2025-01-28
677,.jpmorgan,generic,JPMorganChaseBankNationalAssociation,2025-01-28
678,.jprs,generic,JapanRegistryServicesCoLtd,2025-01-28
679,.juegos,generic,DogBeachLLC,2025-01-28
680,.juniper,generic,JUNIPERNETWORKSINC,2025-01-28
681,.kaufen,generic,DogBeachLLC,2025-01-28
682,.kddi,generic,KDDICORPORATION,2025-01-28
684,.kerryhotels,generic,KerryTradingCoLimited,2025-01-28
685,.kerrylogistics,generic,KerryTradingCoLimited,2025-01-28
686,.kerryproperties,generic,KerryTradingCoLimited,2025-01-28
687,.kfh,generic,KuwaitFinanceHouse,2025-01-28
691,.kia,generic,KIAMOTORSCORPORATION,2025-01-28
692,.kids,generic,DotKidsFoundationLimited,2025-01-28
693,.kim,generic,IdentityDigitalLimited,2025-01-28
694,.kinder,generic,Notassigned,2025-01-28
695,.kindle,generic,AmazonRegistryServicesInc,2025-01-28
696,.kitchen,generic,BinkyMoonLLC,2025-01-28
697,.kiwi,generic,DOTKIWILIMITED,2025-01-28
700,.koeln,generic,dotKoelnGmbH,2025-01-28
701,.komatsu,generic,KomatsuLtd,2025-01-28
702,.kosher,generic,KosherMarketingAssetsLLC,2025-01-28
704,.kpmg,generic,KPMGInternationalCooperativeKPMGInternationalGenossenschaft,2025-01-28
705,.kpn,generic,KoninklijkeKPNNV,2025-01-28
707,.krd,generic,KRGDepartmentofInformationTechnology,2025-01-28
708,.kred,generic,KredTLDPtyLtd,2025-01-28
709,.kuokgroup,generic,KerryTradingCoLimited,2025-01-28
712,.kyoto,generic,AcademicInstitutionKyotoJyohoGakuen,2025-01-28
715,.lacaixa,generic,FundaciónBancariaCaixadEstalvisiPensionsdeBarcelonalaCaixa,2025-01-28
716,.ladbrokes,generic,Notassigned,2025-01-28
717,.lamborghini,generic,AutomobiliLamborghiniSpA,2025-01-28
718,.lamer,generic,TheEstéeLauderCompaniesInc,2025-01-28
719,.lancaster,generic,LANCASTER,2025-01-28
720,.lancia,generic,Notassigned,2025-01-28
721,.lancome,generic,Notassigned,2025-01-28
722,.land,generic,BinkyMoonLLC,2025-01-28
723,.landrover,generic,JaguarLandRoverLtd,2025-01-28
724,.lanxess,generic,LANXESSCorporation,2025-01-28
725,.lasalle,generic,JonesLangLaSalleIncorporated,2025-01-28
726,.lat,generic,XYZCOMLLC,2025-01-28
727,.latino,generic,DishDBSCorporation,2025-01-28
728,.latrobe,generic,LaTrobeUniversity,2025-01-28
729,.law,generic,RegistryServicesLLC,2025-01-28
730,.lawyer,generic,DogBeachLLC,2025-01-28
733,.lds,generic,IRIDomainManagementLLC,2025-01-28
734,.lease,generic,BinkyMoonLLC,2025-01-28
735,.leclerc,generic,ACDLECAssociationdesCentresDistributeursEdouardLeclerc,2025-01-28
736,.lefrak,generic,LeFrakOrganizationInc,2025-01-28
737,.legal,generic,BinkyMoonLLC,2025-01-28
738,.lego,generic,LEGOJurisAS,2025-01-28
739,.lexus,generic,TOYOTAMOTORCORPORATION,2025-01-28
740,.lgbt,generic,IdentityDigitalLimited,2025-01-28
742,.liaison,generic,Notassigned,2025-01-28
743,.lidl,generic,SchwarzDomainsundServicesGmbHCoKG,2025-01-28
744,.life,generic,BinkyMoonLLC,2025-01-28
745,.lifeinsurance,generic,AmericanCouncilofLifeInsurers,2025-01-28
746,.lifestyle,generic,InternetNamingCo,2025-01-28
747,.lighting,generic,BinkyMoonLLC,2025-01-28
748,.like,generic,AmazonRegistryServicesInc,2025-01-28
749,.lilly,generic,EliLillyandCompany,2025-01-28
750,.limited,generic,BinkyMoonLLC,2025-01-28
751,.limo,generic,BinkyMoonLLC,2025-01-28
752,.lincoln,generic,FordMotorCompany,2025-01-28
753,.linde,generic,Notassigned,2025-01-28
754,.link,generic,NovaRegistryLtd,2025-01-28
755,.lipsy,generic,LipsyLtd,2025-01-28
756,.live,generic,DogBeachLLC,2025-01-28
757,.living,generic,InternetNamingCo,2025-01-28
758,.lixil,generic,Notassigned,2025-01-28
760,.llc,generic,IdentityDigitalLimited,2025-01-28
761,.llp,generic,IntercapRegistryInc,2025-01-28
762,.loan,generic,dotLoanLimited,2025-01-28
763,.loans,generic,BinkyMoonLLC,2025-01-28
764,.locker,generic,OrangeDomainsLLC,2025-01-28
765,.locus,generic,LocusAnalyticsLLC,2025-01-28
766,.loft,generic,Notassigned,2025-01-28
767,.lol,generic,XYZCOMLLC,2025-01-28
768,.london,generic,DotLondonDomainsLimited,2025-01-28
769,.lotte,generic,LotteHoldingsCoLtd,2025-01-28
770,.lotto,generic,IdentityDigitalLimited,2025-01-28
771,.love,generic,WaterfordLimited,2025-01-28
772,.lpl,generic,LPLHoldingsInc,2025-01-28
773,.lplfinancial,generic,LPLHoldingsInc,2025-01-28
777,.ltd,generic,BinkyMoonLLC,2025-01-28
778,.ltda,generic,InterNetXCorp,2025-01-28
780,.lundbeck,generic,HLundbeckAS,2025-01-28
781,.lupin,generic,Notassigned,2025-01-28
782,.luxe,generic,RegistryServicesLLC,2025-01-28
783,.luxury,generic,LuxuryPartnersLLC,2025-01-28
787,.macys,generic,Notassigned,2025-01-28
788,.madrid,generic,ComunidaddeMadrid,2025-01-28
789,.maif,generic,MutuelleAssuranceInstituteurFranceMAIF,2025-01-28
790,.maison,generic,BinkyMoonLLC,2025-01-28
791,.makeup,generic,XYZCOMLLC,2025-01-28
792,.man,generic,MANTruckBusSE,2025-01-28
793,.management,generic,BinkyMoonLLC,2025-01-28
794,.mango,generic,PUNTOFASL,2025-01-28
795,.map,generic,CharlestonRoadRegistryInc,2025-01-28
796,.market,generic,DogBeachLLC,2025-01-28
797,.marketing,generic,BinkyMoonLLC,2025-01-28
798,.markets,generic,DogBeachLLC,2025-01-28
799,.marriott,generic,MarriottWorldwideCorporation,2025-01-28
800,.marshalls,generic,TheTJXCompaniesInc,2025-01-28
801,.maserati,generic,Notassigned,2025-01-28
802,.mattel,generic,MattelSitesInc,2025-01-28
803,.mba,generic,BinkyMoonLLC,2025-01-28
805,.mcd,generic,Notassigned,2025-01-28
806,.mcdonalds,generic,Notassigned,2025-01-28
807,.mckinsey,generic,McKinseyHoldingsInc,2025-01-28
810,.med,generic,MedistryLLC,2025-01-28
811,.media,generic,BinkyMoonLLC,2025-01-28
812,.meet,generic,CharlestonRoadRegistryInc,2025-01-28
813,.melbourne,generic,TheCrowninrightoftheStateofVictoriarepresentedbyitsDepartmentofStateDevelopmentBusinessandInnovation,2025-01-28
814,.meme,generic,CharlestonRoadRegistryInc,2025-01-28
815,.memorial,generic,DogBeachLLC,2025-01-28
816,.men,generic,ExclusiveRegistryLimited,2025-01-28
817,.menu,generic,DotMenuRegistryLLC,2025-01-28
818,.meo,generic,Notassigned,2025-01-28
819,.merckmsd,generic,MSDRegistryHoldingsInc,2025-01-28
820,.metlife,generic,Notassigned,2025-01-28
824,.miami,generic,RegistryServicesLLC,2025-01-28
825,.microsoft,generic,MicrosoftCorporation,2025-01-28
827,.mini,generic,BayerischeMotorenWerkeAktiengesellschaft,2025-01-28
828,.mint,generic,IntuitAdministrativeServicesInc,2025-01-28
829,.mit,generic,MassachusettsInstituteofTechnology,2025-01-28
830,.mitsubishi,generic,MitsubishiCorporation,2025-01-28
833,.mlb,generic,MLBAdvancedMediaDHLLC,2025-01-28
834,.mls,generic,TheCanadianRealEstateAssociation,2025-01-28
836,.mma,generic,MMAIARD,2025-01-28
839,.mobi,generic,IdentityDigitalLimited,2025-01-28
840,.mobile,generic,DishDBSCorporation,2025-01-28
841,.mobily,generic,Notassigned,2025-01-28
842,.moda,generic,DogBeachLLC,2025-01-28
843,.moe,generic,InterlinkSystemsInnovationInstituteKK,2025-01-28
844,.moi,generic,AmazonRegistryServicesInc,2025-01-28
845,.mom,generic,XYZCOMLLC,2025-01-28
846,.monash,generic,MonashUniversity,2025-01-28
847,.money,generic,BinkyMoonLLC,2025-01-28
848,.monster,generic,XYZCOMLLC,2025-01-28
849,.montblanc,generic,Notassigned,2025-01-28
850,.mopar,generic,Notassigned,2025-01-28
851,.mormon,generic,IRIDomainManagementLLCApplicant,2025-01-28
852,.mortgage,generic,DogBeachLLC,2025-01-28
853,.moscow,generic,FoundationforAssistanceforInternetTechnologiesandInfrastructureDevelopmentFAITID,2025-01-28
854,.moto,generic,MotorolaTrademarkHoldingsLLC,2025-01-28
855,.motorcycles,generic,XYZCOMLLC,2025-01-28
856,.mov,generic,CharlestonRoadRegistryInc,2025-01-28
857,.movie,generic,BinkyMoonLLC,2025-01-28
858,.movistar,generic,Notassigned,2025-01-28
863,.msd,generic,MSDRegistryHoldingsInc,2025-01-28
865,.mtn,generic,MTNDubaiLimited,2025-01-28
866,.mtpc,generic,Notassigned,2025-01-28
867,.mtr,generic,MTRCorporationLimited,2025-01-28
870,.music,generic,DotMusicLimited,2025-01-28
871,.mutual,generic,Notassigned,2025-01-28
872,.mutuelle,generic,Notassigned,2025-01-28
879,.nab,generic,NationalAustraliaBankLimited,2025-01-28
880,.nadex,generic,Notassigned,2025-01-28
881,.nagoya,generic,GMORegistryInc,2025-01-28
883,.nationwide,generic,Notassigned,2025-01-28
884,.natura,generic,Notassigned,2025-01-28
885,.navy,generic,DogBeachLLC,2025-01-28
886,.nba,generic,NBAREGISTRYLLC,2025-01-28
889,.nec,generic,NECCorporation,2025-01-28
890,.net,generic,VeriSignGlobalRegistryServices,2025-01-28
891,.netbank,generic,COMMONWEALTHBANKOFAUSTRALIA,2025-01-28
892,.netflix,generic,NetflixInc,2025-01-28
893,.network,generic,BinkyMoonLLC,2025-01-28
894,.neustar,generic,NeuStarInc,2025-01-28
895,.new,generic,CharlestonRoadRegistryInc,2025-01-28
896,.newholland,generic,Notassigned,2025-01-28
897,.news,generic,DogBeachLLC,2025-01-28
898,.next,generic,Nextplc,2025-01-28
899,.nextdirect,generic,Nextplc,2025-01-28
900,.nexus,generic,CharlestonRoadRegistryInc,2025-01-28
902,.nfl,generic,NFLRegOpsLLC,2025-01-28
904,.ngo,generic,PublicInterestRegistry,2025-01-28
905,.nhk,generic,JapanBroadcastingCorporationNHK,2025-01-28
907,.nico,generic,DWANGOCoLtd,2025-01-28
908,.nike,generic,NIKEInc,2025-01-28
909,.nikon,generic,NIKONCORPORATION,2025-01-28
910,.ninja,generic,DogBeachLLC,2025-01-28
911,.nissan,generic,NISSANMOTORCOLTD,2025-01-28
912,.nissay,generic,NipponLifeInsuranceCompany,2025-01-28
915,.nokia,generic,NokiaCorporation,2025-01-28
916,.northwesternmutual,generic,Notassigned,2025-01-28
917,.norton,generic,SymantecCorporation,2025-01-28
918,.now,generic,AmazonRegistryServicesInc,2025-01-28
919,.nowruz,generic,EmergencyBackEndRegistryOperatorProgramICANN,2025-01-28
920,.nowtv,generic,StarbucksHKLimited,2025-01-28
923,.nra,generic,NRAHoldingsCompanyINC,2025-01-28
924,.nrw,generic,MindsMachinesGmbH,2025-01-28
925,.ntt,generic,NIPPONTELEGRAPHANDTELEPHONECORPORATION,2025-01-28
927,.nyc,generic,TheCityofNewYorkbyandthroughtheNewYorkCityDepartmentofInformationTechnologyTelecommunications,2025-01-28
929,.obi,generic,OBIGroupHoldingSECoKGaA,2025-01-28
930,.observer,generic,FegistryLLC,2025-01-28
931,.off,generic,Notassigned,2025-01-28
932,.office,generic,MicrosoftCorporation,2025-01-28
933,.okinawa,generic,BRregistryInc,2025-01-28
934,.olayan,generic,CompetrolLuxembourgSarl,2025-01-28
935,.olayangroup,generic,CompetrolLuxembourgSarl,2025-01-28
936,.oldnavy,generic,Notassigned,2025-01-28
937,.ollo,generic,DishDBSCorporation,2025-01-28
939,.omega,generic,TheSwatchGroupLtd,2025-01-28
940,.one,generic,OnecomAS,2025-01-28
941,.ong,generic,PublicInterestRegistry,2025-01-28
942,.onl,generic,iRegistryGmbH,2025-01-28
943,.online,generic,RadixTechnologiesInc,2025-01-28
944,.onyourside,generic,Notassigned,2025-01-28
945,.ooo,generic,INFIBEAMAVENUESLIMITED,2025-01-28
946,.open,generic,AmericanExpressTravelRelatedServicesCompanyInc,2025-01-28
947,.oracle,generic,OracleCorporation,2025-01-28
948,.orange,generic,OrangeBrandServicesLimited,2025-01-28
949,.org,generic,PublicInterestRegistryPIR,2025-01-28
950,.organic,generic,IdentityDigitalLimited,2025-01-28
951,.orientexpress,generic,Notassigned,2025-01-28
952,.origins,generic,TheEstéeLauderCompaniesInc,2025-01-28
953,.osaka,generic,OsakaRegistryCoLtd,2025-01-28
954,.otsuka,generic,OtsukaHoldingsCoLtd,2025-01-28
955,.ott,generic,DishDBSCorporation,2025-01-28
956,.ovh,generic,OVHSAS,2025-01-28
958,.page,generic,CharlestonRoadRegistryInc,2025-01-28
959,.pamperedchef,generic,Notassigned,2025-01-28
960,.panasonic,generic,PanasonicCorporation,2025-01-28
961,.panerai,generic,Notassigned,2025-01-28
962,.paris,generic,CityofParis,2025-01-28
963,.pars,generic,EmergencyBackEndRegistryOperatorProgramICANN,2025-01-28
964,.partners,generic,BinkyMoonLLC,2025-01-28
965,.parts,generic,BinkyMoonLLC,2025-01-28
966,.party,generic,BlueSkyRegistryLimited,2025-01-28
967,.passagens,generic,Notassigned,2025-01-28
968,.pay,generic,AmazonRegistryServicesInc,2025-01-28
969,.pccw,generic,PCCWEnterprisesLimited,2025-01-28
971,.pet,generic,IdentityDigitalLimited,2025-01-28
973,.pfizer,generic,PfizerInc,2025-01-28
976,.pharmacy,generic,NationalAssociationofBoardsofPharmacy,2025-01-28
977,.phd,generic,CharlestonRoadRegistryInc,2025-01-28
978,.philips,generic,KoninklijkePhilipsNV,2025-01-28
979,.phone,generic,DishDBSCorporation,2025-01-28
980,.photo,generic,RegistryServicesLLC,2025-01-28
981,.photography,generic,BinkyMoonLLC,2025-01-28
982,.photos,generic,BinkyMoonLLC,2025-01-28
983,.physio,generic,PhysBizPtyLtd,2025-01-28
984,.piaget,generic,Notassigned,2025-01-28
985,.pics,generic,XYZCOMLLC,2025-01-28
986,.pictet,generic,PictetEuropeSA,2025-01-28
987,.pictures,generic,BinkyMoonLLC,2025-01-28
988,.pid,generic,TopLevelSpectrumInc,2025-01-28
989,.pin,generic,AmazonRegistryServicesInc,2025-01-28
990,.ping,generic,PingRegistryProviderInc,2025-01-28
991,.pink,generic,IdentityDigitalLimited,2025-01-28
992,.pioneer,generic,PioneerCorporation,2025-01-28
993,.pizza,generic,BinkyMoonLLC,2025-01-28
996,.place,generic,BinkyMoonLLC,2025-01-28
997,.play,generic,CharlestonRoadRegistryInc,2025-01-28
998,.playstation,generic,SonyComputerEntertainmentInc,2025-01-28
999,.plumbing,generic,BinkyMoonLLC,2025-01-28
1000,.plus,generic,BinkyMoonLLC,2025-01-28
1003,.pnc,generic,PNCDomainCoLLC,2025-01-28
1004,.pohl,generic,DeutscheVermögensberatungAktiengesellschaftDVAG,2025-01-28
1005,.poker,generic,IdentityDigitalLimited,2025-01-28
1006,.politie,generic,PolitieNederland,2025-01-28
1007,.porn,generic,ICMRegistryPNLLC,2025-01-28
1010,.pramerica,generic,PrudentialFinancialInc,2025-01-28
1011,.praxi,generic,PraxiSpA,2025-01-28
1012,.press,generic,RadixTechnologiesInc,2025-01-28
1013,.prime,generic,AmazonRegistryServicesInc,2025-01-28
1015,.prod,generic,CharlestonRoadRegistryInc,2025-01-28
1016,.productions,generic,BinkyMoonLLC,2025-01-28
1017,.prof,generic,CharlestonRoadRegistryInc,2025-01-28
1018,.progressive,generic,ProgressiveCasualtyInsuranceCompany,2025-01-28
1019,.promo,generic,IdentityDigitalLimited,2025-01-28
1020,.properties,generic,BinkyMoonLLC,2025-01-28
1021,.property,generic,DigitalPropertyInfrastructureLimited,2025-01-28
1022,.protection,generic,XYZCOMLLC,2025-01-28
1023,.pru,generic,PrudentialFinancialInc,2025-01-28
1024,.prudential,generic,PrudentialFinancialInc,2025-01-28
1027,.pub,generic,DogBeachLLC,2025-01-28
1029,.pwc,generic,PricewaterhouseCoopersLLP,2025-01-28
1032,.qpon,generic,DOTQPONLLC,2025-01-28
1033,.quebec,generic,PointQuébecInc,2025-01-28
1034,.quest,generic,XYZCOMLLC,2025-01-28
1035,.qvc,generic,Notassigned,2025-01-28
1036,.racing,generic,PremierRegistryLimited,2025-01-28
1037,.radio,generic,EuropeanBroadcastingUnionEBU,2025-01-28
1038,.raid,generic,Notassigned,2025-01-28
1040,.read,generic,AmazonRegistryServicesInc,2025-01-28
1041,.realestate,generic,dotRealEstateLLC,2025-01-28
1042,.realtor,generic,RealEstateDomainsLLC,2025-01-28
1043,.realty,generic,InternetNamingCo,2025-01-28
1044,.recipes,generic,BinkyMoonLLC,2025-01-28
1045,.red,generic,IdentityDigitalLimited,2025-01-28
1046,.redstone,generic,RedstoneHauteCoutureCoLtd,2025-01-28
1047,.redumbrella,generic,TravelersTLDLLC,2025-01-28
1048,.rehab,generic,DogBeachLLC,2025-01-28
1049,.reise,generic,BinkyMoonLLC,2025-01-28
1050,.reisen,generic,BinkyMoonLLC,2025-01-28
1051,.reit,generic,NationalAssociationofRealEstateInvestmentTrustsInc,2025-01-28
1052,.reliance,generic,RelianceIndustriesLimited,2025-01-28
1053,.ren,generic,ZDNSInternationalLimited,2025-01-28
1054,.rent,generic,XYZCOMLLC,2025-01-28
1055,.rentals,generic,BinkyMoonLLC,2025-01-28
1056,.repair,generic,BinkyMoonLLC,2025-01-28
1057,.report,generic,BinkyMoonLLC,2025-01-28
1058,.republican,generic,DogBeachLLC,2025-01-28
1059,.rest,generic,Punto2012SociedadAnonimaPromotoradeInversiondeCapitalVariable,2025-01-28
1060,.restaurant,generic,BinkyMoonLLC,2025-01-28
1061,.review,generic,dotReviewLimited,2025-01-28
1062,.reviews,generic,DogBeachLLC,2025-01-28
1063,.rexroth,generic,RobertBoschGMBH,2025-01-28
1064,.rich,generic,iRegistryGmbH,2025-01-28
1065,.richardli,generic,PacificCenturyAssetManagementHKLimited,2025-01-28
1066,.ricoh,generic,RicohCompanyLtd,2025-01-28
1067,.rightathome,generic,Notassigned,2025-01-28
1068,.ril,generic,RelianceIndustriesLimited,2025-01-28
1069,.rio,generic,EmpresaMunicipaldeInformáticaSAIPLANRIO,2025-01-28
1070,.rip,generic,DogBeachLLC,2025-01-28
1071,.rmit,generic,Notassigned,2025-01-28
1073,.rocher,generic,Notassigned,2025-01-28
1074,.rocks,generic,DogBeachLLC,2025-01-28
1075,.rodeo,generic,RegistryServicesLLC,2025-01-28
1076,.rogers,generic,RogersCommunicationsCanadaInc,2025-01-28
1077,.room,generic,AmazonRegistryServicesInc,2025-01-28
1079,.rsvp,generic,CharlestonRoadRegistryInc,2025-01-28
1081,.rugby,generic,WorldRugbyStrategicDevelopmentsLimited,2025-01-28
1082,.ruhr,generic,dotSaarlandGmbH,2025-01-28
1083,.run,generic,BinkyMoonLLC,2025-01-28
1085,.rwe,generic,RWEAG,2025-01-28
1086,.ryukyu,generic,BRregistryInc,2025-01-28
1088,.saarland,generic,dotSaarlandGmbH,2025-01-28
1089,.safe,generic,AmazonRegistryServicesInc,2025-01-28
1090,.safety,generic,SafetyRegistryServicesLLC,2025-01-28
1091,.sakura,generic,SAKURAinternetInc,2025-01-28
1092,.sale,generic,DogBeachLLC,2025-01-28
1093,.salon,generic,BinkyMoonLLC,2025-01-28
1094,.samsclub,generic,WalMartStoresInc,2025-01-28
1095,.samsung,generic,SAMSUNGSDSCOLTD,2025-01-28
1096,.sandvik,generic,SandvikAB,2025-01-28
1097,.sandvikcoromant,generic,SandvikAB,2025-01-28
1098,.sanofi,generic,Sanofi,2025-01-28
1099,.sap,generic,SAPAG,2025-01-28
1100,.sapo,generic,Notassigned,2025-01-28
1101,.sarl,generic,BinkyMoonLLC,2025-01-28
1102,.sas,generic,ResearchIPLLC,2025-01-28
1103,.save,generic,AmazonRegistryServicesInc,2025-01-28
1104,.saxo,generic,SaxoBankAS,2025-01-28
1106,.sbi,generic,STATEBANKOFINDIA,2025-01-28
1107,.sbs,generic,ShortdotSA,2025-01-28
1109,.sca,generic,Notassigned,2025-01-28
1110,.scb,generic,TheSiamCommercialBankPublicCompanyLimitedSCB,2025-01-28
1111,.schaeffler,generic,SchaefflerTechnologiesAGCoKG,2025-01-28
1112,.schmidt,generic,SCHMIDTGROUPESAS,2025-01-28
1113,.scholarships,generic,ScholarshipscomLLC,2025-01-28
1114,.school,generic,BinkyMoonLLC,2025-01-28
1115,.schule,generic,BinkyMoonLLC,2025-01-28
1116,.schwarz,generic,SchwarzDomainsundServicesGmbHCoKG,2025-01-28
1117,.science,generic,dotScienceLimited,2025-01-28
1118,.scjohnson,generic,Notassigned,2025-01-28
1119,.scor,generic,Notassigned,2025-01-28
1120,.scot,generic,DotScotRegistryLimited,2025-01-28
1123,.search,generic,CharlestonRoadRegistryInc,2025-01-28
1124,.seat,generic,SEATSASociedadUnipersonal,2025-01-28
1125,.secure,generic,AmazonRegistryServicesInc,2025-01-28
1126,.security,generic,XYZCOMLLC,2025-01-28
1127,.seek,generic,SeekLimited,2025-01-28
1128,.select,generic,RegistryServicesLLC,2025-01-28
1129,.sener,generic,SenerIngenieríaySistemasSA,2025-01-28
1130,.services,generic,BinkyMoonLLC,2025-01-28
1131,.ses,generic,Notassigned,2025-01-28
1132,.seven,generic,SevenWestMediaLtd,2025-01-28
1133,.sew,generic,SEWEURODRIVEGmbHCoKG,2025-01-28
1134,.sex,generic,ICMRegistrySXLLC,2025-01-28
1135,.sexy,generic,InternetNamingCo,2025-01-28
1136,.sfr,generic,SocieteFrancaiseduRadiotelephoneSFR,2025-01-28
1139,.shangrila,generic,ShangriLaInternationalHotelManagementLimited,2025-01-28
1140,.sharp,generic,SharpCorporation,2025-01-28
1141,.shaw,generic,Notassigned,2025-01-28
1142,.shell,generic,ShellInformationTechnologyInternationalInc,2025-01-28
1143,.shia,generic,EmergencyBackEndRegistryOperatorProgramICANN,2025-01-28
1144,.shiksha,generic,IdentityDigitalLimited,2025-01-28
1145,.shoes,generic,BinkyMoonLLC,2025-01-28
1146,.shop,generic,GMORegistryInc,2025-01-28
1147,.shopping,generic,BinkyMoonLLC,2025-01-28
1148,.shouji,generic,QIHOO360TECHNOLOGYCOLTD,2025-01-28
1149,.show,generic,BinkyMoonLLC,2025-01-28
1150,.showtime,generic,Notassigned,2025-01-28
1151,.shriram,generic,Notassigned,2025-01-28
1153,.silk,generic,AmazonRegistryServicesInc,2025-01-28
1154,.sina,generic,SinaCorporation,2025-01-28
1155,.singles,generic,BinkyMoonLLC,2025-01-28
1156,.site,generic,RadixTechnologiesInc,2025-01-28
1159,.ski,generic,IdentityDigitalLimited,2025-01-28
1160,.skin,generic,XYZCOMLLC,2025-01-28
1161,.sky,generic,SkyUKLimited,2025-01-28
1162,.skype,generic,MicrosoftCorporation,2025-01-28
1164,.sling,generic,DISHTechnologiesLLC,2025-01-28
1166,.smart,generic,SmartCommunicationsIncSMART,2025-01-28
1167,.smile,generic,AmazonRegistryServicesInc,2025-01-28
1169,.sncf,generic,SociétéNationaleSNCF,2025-01-28
1171,.soccer,generic,BinkyMoonLLC,2025-01-28
1172,.social,generic,DogBeachLLC,2025-01-28
1173,.softbank,generic,SoftBankGroupCorp,2025-01-28
1174,.software,generic,DogBeachLLC,2025-01-28
1175,.sohu,generic,SohucomLimited,2025-01-28
1176,.solar,generic,BinkyMoonLLC,2025-01-28
1177,.solutions,generic,BinkyMoonLLC,2025-01-28
1178,.song,generic,AmazonRegistryServicesInc,2025-01-28
1179,.sony,generic,SonyCorporation,2025-01-28
1180,.soy,generic,CharlestonRoadRegistryInc,2025-01-28
1181,.spa,generic,AsiaSpaandWellnessPromotionCouncilLimited,2025-01-28
1182,.space,generic,RadixTechnologiesInc,2025-01-28
1183,.spiegel,generic,Notassigned,2025-01-28
1184,.sport,generic,SportAccord,2025-01-28
1185,.spot,generic,AmazonRegistryServicesInc,2025-01-28
1186,.spreadbetting,generic,Notassigned,2025-01-28
1188,.srl,generic,InterNetXCorp,2025-01-28
1189,.srt,generic,Notassigned,2025-01-28
1192,.stada,generic,STADAArzneimittelAG,2025-01-28
1193,.staples,generic,StaplesInc,2025-01-28
1194,.star,generic,StarIndiaPrivateLimited,2025-01-28
1195,.starhub,generic,Notassigned,2025-01-28
1196,.statebank,generic,STATEBANKOFINDIA,2025-01-28
1197,.statefarm,generic,StateFarmMutualAutomobileInsuranceCompany,2025-01-28
1198,.statoil,generic,Notassigned,2025-01-28
1199,.stc,generic,SaudiTelecomCompany,2025-01-28
1200,.stcgroup,generic,SaudiTelecomCompany,2025-01-28
1201,.stockholm,generic,Stockholmskommun,2025-01-28
1202,.storage,generic,XYZCOMLLC,2025-01-28
1203,.store,generic,RadixTechnologiesInc,2025-01-28
1204,.stream,generic,dotStreamLimited,2025-01-28
1205,.studio,generic,DogBeachLLC,2025-01-28
1206,.study,generic,RegistryServicesLLC,2025-01-28
1207,.style,generic,BinkyMoonLLC,2025-01-28
1209,.sucks,generic,VoxPopuliRegistryLtd,2025-01-28
1210,.supplies,generic,BinkyMoonLLC,2025-01-28
1211,.supply,generic,BinkyMoonLLC,2025-01-28
1212,.support,generic,BinkyMoonLLC,2025-01-28
1213,.surf,generic,RegistryServicesLLC,2025-01-28
1214,.surgery,generic,BinkyMoonLLC,2025-01-28
1215,.suzuki,generic,SUZUKIMOTORCORPORATION,2025-01-28
1217,.swatch,generic,TheSwatchGroupLtd,2025-01-28
1218,.swiftcover,generic,Notassigned,2025-01-28
1219,.swiss,generic,SwissConfederation,2025-01-28
1222,.sydney,generic,StateofNewSouthWalesDepartmentofPremierandCabinet,2025-01-28
1223,.symantec,generic,Notassigned,2025-01-28
1224,.systems,generic,BinkyMoonLLC,2025-01-28
1226,.tab,generic,TabcorpHoldingsLimited,2025-01-28
1227,.taipei,generic,TaipeiCityGovernment,2025-01-28
1228,.talk,generic,AmazonRegistryServicesInc,2025-01-28
1229,.taobao,generic,AlibabaGroupHoldingLimited,2025-01-28
1230,.target,generic,TargetDomainHoldingsLLC,2025-01-28
1231,.tatamotors,generic,TataMotorsLtd,2025-01-28
1232,.tatar,generic,LimitedLiabilityCompanyCoordinationCenterofRegionalDomainofTatarstanRepublic,2025-01-28
1233,.tattoo,generic,RegistryServicesLLC,2025-01-28
1234,.tax,generic,BinkyMoonLLC,2025-01-28
1235,.taxi,generic,BinkyMoonLLC,2025-01-28
1237,.tci,generic,EmergencyBackEndRegistryOperatorProgramICANN,2025-01-28
1239,.tdk,generic,TDKCorporation,2025-01-28
1240,.team,generic,BinkyMoonLLC,2025-01-28
1241,.tech,generic,RadixTechnologiesInc,2025-01-28
1242,.technology,generic,BinkyMoonLLC,2025-01-28
1244,.telecity,generic,Notassigned,2025-01-28
1245,.telefonica,generic,Notassigned,2025-01-28
1246,.temasek,generic,TemasekHoldingsPrivateLimited,2025-01-28
1247,.tennis,generic,BinkyMoonLLC,2025-01-28
1248,.teva,generic,TevaPharmaceuticalIndustriesLimited,2025-01-28
1252,.thd,generic,HomeDepotProductAuthorityLLC,2025-01-28
1253,.theater,generic,BinkyMoonLLC,2025-01-28
1254,.theatre,generic,XYZCOMLLC,2025-01-28
1255,.tiaa,generic,TeachersInsuranceandAnnuityAssociationofAmerica,2025-01-28
1256,.tickets,generic,XYZCOMLLC,2025-01-28
1257,.tienda,generic,BinkyMoonLLC,2025-01-28
1258,.tiffany,generic,Notassigned,2025-01-28
1259,.tips,generic,BinkyMoonLLC,2025-01-28
1260,.tires,generic,BinkyMoonLLC,2025-01-28
1261,.tirol,generic,punktTirolGmbH,2025-01-28
1263,.tjmaxx,generic,TheTJXCompaniesInc,2025-01-28
1264,.tjx,generic,TheTJXCompaniesInc,2025-01-28
1266,.tkmaxx,generic,TheTJXCompaniesInc,2025-01-28
1269,.tmall,generic,AlibabaGroupHoldingLimited,2025-01-28
1272,.today,generic,BinkyMoonLLC,2025-01-28
1273,.tokyo,generic,GMORegistryInc,2025-01-28
1274,.tools,generic,BinkyMoonLLC,2025-01-28
1275,.top,generic,TOPRegistry,2025-01-28
1276,.toray,generic,TorayIndustriesInc,2025-01-28
1277,.toshiba,generic,TOSHIBACorporation,2025-01-28
1278,.total,generic,TotalEnergiesSE,2025-01-28
1279,.tours,generic,BinkyMoonLLC,2025-01-28
1280,.town,generic,BinkyMoonLLC,2025-01-28
1281,.toyota,generic,TOYOTAMOTORCORPORATION,2025-01-28
1282,.toys,generic,BinkyMoonLLC,2025-01-28
1285,.trade,generic,EliteRegistryLimited,2025-01-28
1286,.trading,generic,DogBeachLLC,2025-01-28
1287,.training,generic,BinkyMoonLLC,2025-01-28
1289,.travelchannel,generic,Notassigned,2025-01-28
1290,.travelers,generic,TravelersTLDLLC,2025-01-28
1291,.travelersinsurance,generic,TravelersTLDLLC,2025-01-28
1292,.trust,generic,InternetNamingCo,2025-01-28
1293,.trv,generic,TravelersTLDLLC,2025-01-28
1295,.tube,generic,LatinAmericanTelecomLLC,2025-01-28
1296,.tui,generic,TUIAG,2025-01-28
1297,.tunes,generic,AmazonRegistryServicesInc,2025-01-28
1298,.tushu,generic,AmazonRegistryServicesInc,2025-01-28
1300,.tvs,generic,TVSUNDRAMIYENGARSONSPRIVATELIMITED,2025-01-28
1304,.ubank,generic,NationalAustraliaBankLimited,2025-01-28
1305,.ubs,generic,UBSAG,2025-01-28
1306,.uconnect,generic,Notassigned,2025-01-28
1310,.unicom,generic,ChinaUnitedNetworkCommunicationsCorporationLimited,2025-01-28
1311,.university,generic,BinkyMoonLLC,2025-01-28
1312,.uno,generic,RadixTechnologiesInc,2025-01-28
1313,.uol,generic,UBNINTERNETLTDA,2025-01-28
1314,.ups,generic,UPSMarketDriverInc,2025-01-28
1319,.vacations,generic,BinkyMoonLLC,2025-01-28
1320,.vana,generic,D3RegistryLLC,2025-01-28
1321,.vanguard,generic,TheVanguardGroupInc,2025-01-28
1324,.vegas,generic,DotVegasInc,2025-01-28
1325,.ventures,generic,BinkyMoonLLC,2025-01-28
1326,.verisign,generic,VeriSignInc,2025-01-28
1327,.versicherung,generic,tldboxGmbH,2025-01-28
1328,.vet,generic,DogBeachLLC,2025-01-28
1331,.viajes,generic,BinkyMoonLLC,2025-01-28
1332,.video,generic,DogBeachLLC,2025-01-28
1333,.vig,generic,VIENNAINSURANCEGROUPAGWienerVersicherungGruppe,2025-01-28
1334,.viking,generic,VikingRiverCruisesBermudaLtd,2025-01-28
1335,.villas,generic,BinkyMoonLLC,2025-01-28
1336,.vin,generic,BinkyMoonLLC,2025-01-28
1337,.vip,generic,RegistryServicesLLC,2025-01-28
1338,.virgin,generic,VirginEnterprisesLimited,2025-01-28
1339,.visa,generic,VisaWorldwidePteLimited,2025-01-28
1340,.vision,generic,BinkyMoonLLC,2025-01-28
1341,.vista,generic,Notassigned,2025-01-28
1342,.vistaprint,generic,Notassigned,2025-01-28
1343,.viva,generic,SaudiTelecomCompany,2025-01-28
1344,.vivo,generic,TelefonicaBrasilSA,2025-01-28
1345,.vlaanderen,generic,DNSbevzw,2025-01-28
1347,.vodka,generic,RegistryServicesLLC,2025-01-28
1348,.volkswagen,generic,Notassigned,2025-01-28
1349,.volvo,generic,VolvoHoldingSverigeAktiebolag,2025-01-28
1350,.vote,generic,MonolithRegistryLLC,2025-01-28
1351,.voting,generic,ValuetainmentCorp,2025-01-28
1352,.voto,generic,MonolithRegistryLLC,2025-01-28
1353,.voyage,generic,BinkyMoonLLC,2025-01-28
1355,.vuelos,generic,Notassigned,2025-01-28
1356,.wales,generic,NominetUK,2025-01-28
1357,.walmart,generic,WalMartStoresInc,2025-01-28
1358,.walter,generic,SandvikAB,2025-01-28
1359,.wang,generic,ZodiacWangLimited,2025-01-28
1360,.wanggou,generic,AmazonRegistryServicesInc,2025-01-28
1361,.warman,generic,Notassigned,2025-01-28
1362,.watch,generic,BinkyMoonLLC,2025-01-28
1363,.watches,generic,IdentityDigitalLimited,2025-01-28
1364,.weather,generic,InternationalBusinessMachinesCorporation,2025-01-28
1365,.weatherchannel,generic,InternationalBusinessMachinesCorporation,2025-01-28
1366,.webcam,generic,dotWebcamLimited,2025-01-28
1367,.weber,generic,SaintGobainWeberSA,2025-01-28
1368,.website,generic,RadixTechnologiesInc,2025-01-28
1369,.wed,generic,EmergencyBackEndRegistryOperatorProgramICANN,2025-01-28
1370,.wedding,generic,RegistryServicesLLC,2025-01-28
1371,.weibo,generic,SinaCorporation,2025-01-28
1372,.weir,generic,WeirGroupIPLimited,2025-01-28
1374,.whoswho,generic,WhosWhoRegistry,2025-01-28
1375,.wien,generic,punktwienGmbH,2025-01-28
1376,.wiki,generic,RegistryServicesLLC,2025-01-28
1377,.williamhill,generic,WilliamHillOrganizationLimited,2025-01-28
1378,.win,generic,FirstRegistryLimited,2025-01-28
1379,.windows,generic,MicrosoftCorporation,2025-01-28
1380,.wine,generic,BinkyMoonLLC,2025-01-28
1381,.winners,generic,TheTJXCompaniesInc,2025-01-28
1382,.wme,generic,WilliamMorrisEndeavorEntertainmentLLC,2025-01-28
1383,.wolterskluwer,generic,WoltersKluwerNV,2025-01-28
1384,.woodside,generic,WoodsidePetroleumLimited,2025-01-28
1385,.work,generic,RegistryServicesLLC,2025-01-28
1386,.works,generic,BinkyMoonLLC,2025-01-28
1387,.world,generic,BinkyMoonLLC,2025-01-28
1388,.wow,generic,AmazonRegistryServicesInc,2025-01-28
1390,.wtc,generic,WorldTradeCentersAssociationInc,2025-01-28
1391,.wtf,generic,BinkyMoonLLC,2025-01-28
1392,.xbox,generic,MicrosoftCorporation,2025-01-28
1393,.xerox,generic,XeroxDNHCLLC,2025-01-28
1394,.xfinity,generic,Notassigned,2025-01-28
1395,.xihuan,generic,QIHOO360TECHNOLOGYCOLTD,2025-01-28
1396,.xin,generic,ElegantLeaderLimited,2025-01-28
1398,.कॉम,generic,VeriSignSarl,2025-01-28
1400,.セール,generic,AmazonRegistryServicesInc,2025-01-28
1401,.佛山,generic,GuangzhouYUWeiInformationTechnologyCoLtd,2025-01-28
1403,.慈善,generic,ExcellentFirstLimited,2025-01-28
1404,.集团,generic,EagleHorizonLimited,2025-01-28
1405,.在线,generic,BeijingTldRegistryTechnologyLimited,2025-01-28
1408,.大众汽车,generic,Notassigned,2025-01-28
1409,.点看,generic,VeriSignSarl,2025-01-28
1410,.คอม,generic,VeriSignSarl,2025-01-28
1413,.八卦,generic,ZodiacGeminiLtd,2025-01-28
1415,‏.موقع‎,generic,HeliumTLDsLtd,2025-01-28
1417,.公益,generic,ChinaOrganizationalNameAdministrationCenter,2025-01-28
1418,.公司,generic,ChinaInternetNetworkInformationCenterCNNIC,2025-01-28
1419,.香格里拉,generic,ShangriLaInternationalHotelManagementLimited,2025-01-28
1420,.网站,generic,GlobalWebsiteTLDAsiaLimited,2025-01-28
1421,.移动,generic,IdentityDigitalLimited,2025-01-28
1422,.我爱你,generic,TycoonTreasureLimited,2025-01-28
1423,.москва,generic,FoundationforAssistanceforInternetTechnologiesandInfrastructureDevelopmentFAITID,2025-01-28
1426,.католик,generic,PontificiumConsiliumdeComunicationibusSocialibusPCCSPontificalCouncilforSocialCommunication,2025-01-28
1427,.онлайн,generic,COREAssociation,2025-01-28
1428,.сайт,generic,COREAssociation,2025-01-28
1429,.联通,generic,ChinaUnitedNetworkCommunicationsCorporationLimited,2025-01-28
1433,‏.קום‎,generic,VeriSignSarl,2025-01-28
1434,.时尚,generic,RISEVICTORYLIMITED,2025-01-28
1435,.微博,generic,SinaCorporation,2025-01-28
1437,.淡马锡,generic,TemasekHoldingsPrivateLimited,2025-01-28
1438,.ファッション,generic,AmazonRegistryServicesInc,2025-01-28
1439,.орг,generic,PublicInterestRegistry,2025-01-28
1440,.नेट,generic,VeriSignSarl,2025-01-28
1441,.ストア,generic,AmazonRegistryServicesInc,2025-01-28
1442,.アマゾン,generic,AmazonRegistryServicesInc,2025-01-28
1443,.삼성,generic,SAMSUNGSDSCOLTD,2025-01-28
1445,.商标,generic,InternetDotTrademarkOrganisationLimited,2025-01-28
1446,.商店,generic,BinkyMoonLLC,2025-01-28
1447,.商城,generic,ZodiacAquariusLimited,2025-01-28
1448,.дети,generic,TheFoundationforNetworkInitiativesTheSmartInternet,2025-01-28
1452,.ポイント,generic,AmazonRegistryServicesInc,2025-01-28
1453,.新闻,generic,GuangzhouYUWeiInformationandTechnologyCoLtd,2025-01-28
1454,.工行,generic,Notassigned,2025-01-28
1455,.家電,generic,AmazonRegistryServicesInc,2025-01-28
1456,‏.كوم‎,generic,VeriSignSarl,2025-01-28
1457,.中文网,generic,TLDREGISTRYLIMITED,2025-01-28
1458,.中信,generic,CITICGroupCorporation,2025-01-28
1461,.娱乐,generic,BinkyMoonLLC,2025-01-28
1462,.谷歌,generic,CharlestonRoadRegistryInc,2025-01-28
1465,.電訊盈科,generic,PCCWEnterprisesLimited,2025-01-28
1466,.购物,generic,NawangHeliXiamenNetworkServiceCoLTD,2025-01-28
1468,.クラウド,generic,AmazonRegistryServicesInc,2025-01-28
1470,.通販,generic,AmazonRegistryServicesInc,2025-01-28
1476,.网店,generic,ZodiacTaurusLtd,2025-01-28
1477,.संगठन,generic,PublicInterestRegistry,2025-01-28
1478,.餐厅,generic,InternetDotTrademarkOrganisationLimited,2025-01-28
1479,.网络,generic,ChinaInternetNetworkInformationCenterCNNIC,2025-01-28
1480,.ком,generic,VeriSignSarl,2025-01-28
1483,.亚马逊,generic,AmazonRegistryServicesInc,2025-01-28
1484,.诺基亚,generic,Notassigned,2025-01-28
1485,.食品,generic,AmazonRegistryServicesInc,2025-01-28
1487,.飞利浦,generic,KoninklijkePhilipsNV,2025-01-28
1491,.手表,generic,Notassigned,2025-01-28
1492,.手机,generic,BeijingRITTNetTechnologyDevelopmentCoLtd,2025-01-28
1496,‏.ارامكو‎,generic,AramcoServicesCompany,2025-01-28
1498,‏.العليان‎,generic,CompetrolLuxembourgSarl,2025-01-28
1499,‏.اتصالات‎,generic,Notassigned,2025-01-28
1501,‏.بازار‎,generic,COREAssociation,2025-01-28
1505,‏.موبايلي‎,generic,Notassigned,2025-01-28
1509,‏.ابوظبي‎,generic,AbuDhabiSystemsandInformationCentre,2025-01-28
1513,‏.كاثوليك‎,generic,PontificiumConsiliumdeComunicationibusSocialibusPCCSPontificalCouncilforSocialCommunication,2025-01-28
1515,‏.همراه‎,generic,EmergencyBackEndRegistryOperatorProgramICANN,2025-01-28
1519,.닷컴,generic,VeriSignSarl,2025-01-28
1520,.政府,generic,NetChineseCoLtd,2025-01-28
1521,‏.شبكة‎,generic,InternationalDomainRegistryPtyLtd,2025-01-28
1522,‏.بيتك‎,generic,KuwaitFinanceHouse,2025-01-28
1523,‏.عرب‎,generic,LeagueofArabStates,2025-01-28
1525,.机构,generic,PublicInterestRegistry,2025-01-28
1526,.组织机构,generic,PublicInterestRegistry,2025-01-28
1527,.健康,generic,StableToneLimited,2025-01-28
1530,.招聘,generic,JiangYuLiangCaiTechnologyCompanyLimited,2025-01-28
1531,.рус,generic,RusnamesLimited,2025-01-28
1533,.珠宝,generic,Notassigned,2025-01-28
1535,.大拿,generic,VeriSignSarl,2025-01-28
1537,.みんな,generic,CharlestonRoadRegistryInc,2025-01-28
1538,.グーグル,generic,CharlestonRoadRegistryInc,2025-01-28
1541,.世界,generic,StableToneLimited,2025-01-28
1542,.書籍,generic,AmazonRegistryServicesInc,2025-01-28
1545,.网址,generic,KNETCoLtd,2025-01-28
1546,.닷넷,generic,VeriSignSarl,2025-01-28
1547,.コム,generic,VeriSignSarl,2025-01-28
1548,.天主教,generic,PontificiumConsiliumdeComunicationibusSocialibusPCCSPontificalCouncilforSocialCommunication,2025-01-28
1549,.游戏,generic,BinkyMoonLLC,2025-01-28
1550,.vermögensberater,generic,DeutscheVermögensberatungAktiengesellschaftDVAG,2025-01-28
1551,.vermögensberatung,generic,DeutscheVermögensberatungAktiengesellschaftDVAG,2025-01-28
1552,.企业,generic,BinkyMoonLLC,2025-01-28
1553,.信息,generic,BeijingTeleinfoTechnologyCoLtd,2025-01-28
1554,.嘉里大酒店,generic,KerryTradingCoLimited,2025-01-28
1555,.嘉里,generic,KerryTradingCoLimited,2025-01-28
1558,.广东,generic,GuangzhouYUWeiInformationTechnologyCoLtd,2025-01-28
1565,.政务,generic,ChinaOrganizationalNameAdministrationCenter,2025-01-28
1566,.xperia,generic,Notassigned,2025-01-28
1568,.xyz,generic,XYZCOMLLC,2025-01-28
1569,.yachts,generic,XYZCOMLLC,2025-01-28
1570,.yahoo,generic,YahooInc,2025-01-28
1571,.yamaxun,generic,AmazonRegistryServicesInc,2025-01-28
1572,.yandex,generic,YandexEuropeBV,2025-01-28
1574,.yodobashi,generic,YODOBASHICAMERACOLTD,2025-01-28
1575,.yoga,generic,RegistryServicesLLC,2025-01-28
1576,.yokohama,generic,GMORegistryInc,2025-01-28
1577,.you,generic,AmazonRegistryServicesInc,2025-01-28
1578,.youtube,generic,CharlestonRoadRegistryInc,2025-01-28
1580,.yun,generic,QIHOO360TECHNOLOGYCOLTD,2025-01-28
1582,.zappos,generic,AmazonRegistryServicesInc,2025-01-28
1583,.zara,generic,IndustriadeDiseñoTextilSAINDITEXSA,2025-01-28
1584,.zero,generic,AmazonRegistryServicesInc,2025-01-28
1585,.zip,generic,CharlestonRoadRegistryInc,2025-01-28
1586,.zippo,generic,Notassigned,2025-01-28
1588,.zone,generic,BinkyMoonLLC,2025-01-28
1589,.zuerich,generic,KantonZürichCantonofZurich,2025-01-28
